{"iter loss": 504.11187744140625, "_timestamp": 1712857800.936713, "_runtime": 490.7371120452881, "_step": 291}