{"iter loss": 712.2747192382812, "_timestamp": 1712685656.612069, "_runtime": 37.80869698524475, "_step": 0, "_wandb": {"runtime": 42}}