{"iter loss": 501.4940185546875, "_timestamp": 1712688910.7817755, "_runtime": 586.8342263698578, "_step": 4504}