{"iter loss": 510.24359130859375, "_timestamp": 1712703133.6775103, "_runtime": 8491.805416345596, "_step": 4549, "epoch loss": 510.24359130859375, "_wandb": {"runtime": 8491}}